npsn,jenis,nama,kecamatan
69957075,KB,ABIDARI,Bukit Raya
70047147,KB,ABIDARI ISLAMIC CREATIVE SCHOOL 2,Pekanbaru Kota
69973063,KB,ADIFA,Binawidya
69861886,KB,AGAPE,Payung Sekaki
69861966,KB,AISYIYAH CABANG SUKAJADI,Sukajadi
69861873,KB,AL FAIQ,Binawidya
70040169,KB,AL KHANZA,Kulim
69861863,KB,AL-HUSNAYAINI,Tuahmadani
69861860,KB,AL-IZHAR,Tuahmadani
69861938,KB,AL-MUTTAQIN,Limapuluh
69919040,KB,ALDO - ALDI KIDS,Tuahmadani
69969342,KB,ALFA KIDS,Limapuluh
69944330,KB,ALFA OMEGA KIDS,Tuahmadani
70032184,KB,ALUMNA INDONESIA ISLAMIC SCHOOL,Sail
70038850,KB,ALUMNA ISLAMIC SCHOOL CAB. HARAPAN RAYA,Bukit Raya
69972820,KB,ALUMNA ISLAMIC SCHOOL SUKAJADI,Sukajadi
69919541,KB,AN-NAHL,Bukit Raya
69861984,KB,ANGGREK KIDS,Rumbai
69861853,KB,ANNISA CENDEKIA,Tuahmadani
69990309,KB,APPLE TREE PEKANBARU,Payung Sekaki
69978991,KB,ARASTAMAR KIDS,Tenayan Raya
69919547,KB,AS-SHIFA CITRA,Tuahmadani
69861884,KB,AULIA,Payung Sekaki
69947707,KB,AULIA KIDS,Binawidya
69949782,KB,BABY SCHOOL DAN PRE SCHOOL QURROTA AYUN,Sukajadi
69919027,KB,BAITUL AMAL,Tenayan Raya
70044038,KB,BEI PLAYSCHOOL,Pekanbaru Kota
69861948,KB,BERKAH CERIA,Tenayan Raya
69831696,KB,BHAKTI BUNDA,Payung Sekaki
69922142,KB,BINTANG CENDEKIA 2,Binawidya
69919502,KB,BINTANG KHALIFAH,Marpoyan Damai
69967690,KB,BINTANG MUTIARA,Tenayan Raya
69861865,KB,BINTANG PELANGI,Tuahmadani
69861943,KB,CAHAYA BUNDA,Tenayan Raya
70035178,KB,CAHAYA KASIH,Pekanbaru Kota
69861871,KB,CEMARA RIDASA,Binawidya
70049230,KB,CENDANA RUMBAI,Rumbai
69861899,KB,CERLIANA,Bukit Raya
69967436,KB,DAMAI SEJAHTERA,Rumbai Barat
69861939,KB,DARMA YUDHA,Payung Sekaki
69921754,KB,DHARMA LOKA 1,Payung Sekaki
69861898,KB,DINDA KIDS,Bukit Raya
69977486,KB,DUTA RAUDHA CENTER RIAU,Rumbai Timur
69861969,KB,EDUCATION 21,Sukajadi
69861878,KB,EDUCATION 21 KULIM,Payung Sekaki
70053965,KB,EMIRAT SCHOOL,Marpoyan Damai
69969056,KB,FITRI PERMATA HATI,Binawidya
69921784,KB,FKIP UNIVERSITAS RIAU,Binawidya
69967520,KB,FORTUNA PRADIPTA,Rumbai
69918689,KB,GENERASI BANGSA,Tenayan Raya
70036828,KB,GENERASI BINTANG BANGSA,Kulim
69919545,KB,GENERASI HARAPAN BANGSA 2,Rumbai
69964327,KB,GENERASI PILIHAN,Rumbai
69978309,KB,GENERASI TERANG BANGSA,Binawidya
70000444,KB,GENIUS AULAD,Marpoyan Damai
70007312,KB,GOLDEN KIDS,Tenayan Raya
70026347,KB,GRACIOUS PRESCHOOL & KINDERGARTEN,Senapelan
69861887,KB,GROW EDUCATION,Payung Sekaki
70006915,KB,GUANG MING 1,Binawidya
69956876,KB,GUANG MING 2,Limapuluh
69987287,KB,HAPPY STAR KIDS,Tuahmadani
69967371,KB,HEAVEN KIDS,Binawidya
69960960,KB,HOSANA FUN KIDS,Rumbai
69957079,KB,HUMAIRA AL-HASBI,Marpoyan Damai
70012934,KB,HUMAIROH 4,Binawidya
70040484,KB,I.C.E ISLAMIC BILINGUAL SCHOOL,Pekanbaru Kota
69861872,KB,IBNU AQIL,Binawidya
69861852,KB,IBU TELADAN,Tuahmadani
69960348,KB,IHSAN FIKRI,Tuahmadani
70010549,KB,INAYAH,Tenayan Raya
69921790,KB,INDONESIAN CREATIVE SCHOOL,Marpoyan Damai
69964347,KB,INKLUSI HARAPAN YASTI,Tuahmadani
69968783,KB,INKLUSI TERPADU BINA CERIA,Binawidya
70056654,KB,ISLAM AL AZHAR 54,Tuahmadani
70044578,KB,IT AL-ITTIHAD,Rumbai
69861893,KB,IT BUNAYYA,Bukit Raya
70053319,KB,JAINA HUMAIRA,Kulim
69978568,KB,JR EDECATION,Payung Sekaki
69988835,KB,JUNIOR GOOD SCHOOL,Binawidya
70057225,KB,KANAKA,Sail
70013098,KB,KARTIKA 1-21 TUNAS CENDEKIA,Bukit Raya
69990310,KB,KASIH CAHAYA BUNDA,Limapuluh
69861993,KB,KASIH IBU,Rumbai
69861928,KB,KHADIZAH KIDS,Tenayan Raya
69861866,KB,KIDS CENTRE AL FITYAH,Tuahmadani
70025219,KB,KOMUNITAS MONTESSORI,Payung Sekaki
69861952,KB,KRISTEN KALAM KUDUS,Limapuluh
69921791,KB,KUMALA,Senapelan
69861895,KB,LILIK,Bukit Raya
69861888,KB,LILY JAYA,Payung Sekaki
69957077,KB,MADANI CENDEKIA,Rumbai
69948969,KB,MIFTAHUL HUDA,Bukit Raya
69861926,KB,MITRA HANDAYANI,Tenayan Raya
69861949,KB,MONTESSORI,Limapuluh
69919546,KB,MUSLIMAT NU 2,Tuahmadani
69861959,KB,MUTIARA BUNDA,Pekanbaru Kota
69967896,KB,MUTIARA CENDEKIA,Rumbai Barat
70059841,KB,MUTIARA SALJU,Tenayan Raya
69861855,KB,NAZLA ASSYIFA,Tuahmadani
69861922,KB,NURJANNAH,Tenayan Raya
69861917,KB,NURUL ANWAR,Marpoyan Damai
70062444,KB,NURUL AZHAR LILI,Sukajadi
69918705,KB,PELANGI KASIH,Tenayan Raya
69919975,KB,PELANGI KIDS,Rumbai
69972256,KB,PELITA HATI KIDS,Limapuluh
69861989,KB,PENGAMBANG JAYA INDAH,Rumbai Timur
69956867,KB,PERMATA SARI,Rumbai
69977482,KB,PERSISTRI,Binawidya
70055358,KB,PICKET FENCE PRESCHOOL,Payung Sekaki
70060464,KB,PRECIOUS SCHOOL MONTESSORI,Payung Sekaki
69861867,KB,QUANTUM KIDS 3,Tuahmadani
69861850,KB,RAUDHATUL JANNAH,Tuahmadani
69971952,KB,RAYSA AZKIYA,Bukit Raya
69861972,KB,SABRINA KIDS 2,Senapelan
70061851,KB,SAHABAT BUNDA CERIA,Kulim
69861881,KB,SANTA MARIA,Payung Sekaki
70033786,KB,SATU BANGSA PRESCHOOL,Bukit Raya
69861910,KB,SAYANG BUNDA,Marpoyan Damai
69919538,KB,SEMPOA MAWADDAH,Rumbai
69980633,KB,SES,Payung Sekaki
69861868,KB,SHAFIYYAH,Tuahmadani
69861845,KB,SHALSABILA EDUCATION,Binawidya
70031526,KB,SINROS DHARMA BAKTI,Payung Sekaki
69861883,KB,SITI SAWIAH BAITUSSALAM,Payung Sekaki
69964605,KB,SUNRISE SCHOOL,Limapuluh
69861854,KB,SYAFANUR,Tuahmadani
69861889,KB,SYAFANUR 3,Payung Sekaki
69861857,KB,SYEKH AT TAMIMI,Tuahmadani
69981473,KB,"TAMAN AZHAR "" AL-AZHAR SYIFA BUDI PEKANBARU",Marpoyan Damai
69861918,KB,TAULADAN SYAFITRI,Marpoyan Damai
69861859,KB,TIGA PERMATA,Tuahmadani
69919548,KB,TRIGUNA DHARMA SCHOOL,Limapuluh
69956872,KB,TUNAS BAKTI,Marpoyan Damai
69948112,KB,TUNAS BANGSA,Limapuluh
69861864,KB,TUNAS KHALIFAH,Tuahmadani
70039957,KB,UNILAK GOLDEN SCHOOL,Rumbai
69861955,KB,WITAMA NASIONAL PLUS,Limapuluh
70010880,RA,ABDUL RAHMAN,Payung Sekaki
69731067,RA,ADINDA,Tuahmadani
69731068,RA,AFFAN KIDS,Tuahmadani
69755672,RA,AL FITRAH 2,Bukit Raya
69731072,RA,AL FITYAH,Tuahmadani
70030188,RA,AL HADI KIDS,Binawidya
69755683,RA,AL HANIF,Binawidya
69755680,RA,AL KAYYIS,Tenayan Raya
70027015,RA,AL KINDI 2,Tenayan Raya
69731046,RA,AL MADHANI,Bukit Raya
70044477,RA,AL MUKMINUN,Kulim
69731049,RA,AL- KINDI,Limapuluh
69731050,RA,AL-FALAH,Marpoyan Damai
69731069,RA,AL-FIKRA,Tuahmadani
69757279,RA,AL-HUDA,Binawidya
69731051,RA,AL-KAUTSAR,Marpoyan Damai
70010825,RA,AL-KIFAYAH RIAU,Binawidya
70010844,RA,AL-MUAWWANAH RUMBAI,Rumbai
69731071,RA,AL-UBUDIYAH,Binawidya
69975682,RA,AL-UBUDIYAH 2,Tenayan Raya
70030408,RA,ALAM TAHFIDZ IBNU AL MUBAROK,Rumbai
70035690,RA,ALFI LIL ILMI,Payung Sekaki
69994280,RA,ALMA,Tuahmadani
69994283,RA,ALMAHYRA,Rumbai Timur
69731074,RA,ALMIRA KIDS CENTER,Binawidya
69994288,RA,ALZAID KIDS,Tenayan Raya
69755675,RA,AN NAMIROH SAIL,Tenayan Raya
69731054,RA,AN-NISA,Marpoyan Damai
69731077,RA,AR - RAHIM,Binawidya
69755676,RA,AR RAHMAN,Tuahmadani
69731061,RA,AR RIDHO KIDS,Rumbai
69731094,RA,AR- RAHMI,Tenayan Raya
69994983,RA,AR-RAZZAQ,Rumbai
69975680,RA,AS TSAQIIF KIDS,Tenayan Raya
69731091,RA,AT TOLAWAH,Tenayan Raya
70010824,RA,ATQIYA`,Marpoyan Damai
70062235,RA,ATTALLAH,Tenayan Raya
69731059,RA,AWALUDDIN,Pekanbaru Kota
69755677,RA,AYYATUL HUSNA,Tuahmadani
69731092,RA,AZ-ZAHRA,Tenayan Raya
70030160,RA,AZ-ZAHRA KIDS,Rumbai
70010847,RA,AZZURA SYAKIRA,Rumbai
69940830,RA,Aisyah Islam Terpadu,Marpoyan Damai
69940829,RA,Al Misykaah,Binawidya
69854516,RA,Anak Bangsa,Kulim
69883857,RA,Asiah,Bukit Raya
69940828,RA,Asy-Syifa,Tuahmadani
69883860,RA,Azalia,Tuahmadani
70044934,RA,Azam Insan Cendikia,Binawidya
69755681,RA,BAITUL MUTTAQIEN,Rumbai
69755682,RA,BUNDA SUWARNI,Marpoyan Damai
69883858,RA,Baitul Iqbal,Rumbai Timur
69731078,RA,DEWI ANGGREK,Tuahmadani
69995277,RA,EL-HAQQA QURANIC SCHOOL,Tuahmadani
69731079,RA,FADHILAH,Tuahmadani
69731080,RA,FATHIRA,Binawidya
69994289,RA,FIJANATI,Tenayan Raya
70014599,RA,Firdaus Kids,Marpoyan Damai
69731081,RA,GRIYA BINA WIDYA,Binawidya
69731048,RA,HIDAYAH,Bukit Raya
69731095,RA,HUBBULLAH,Tenayan Raya
70030137,RA,IBNUSINA KIDS 2,Binawidya
69883861,RA,Ibnu Sina 1,Tenayan Raya
69731082,RA,JAMIATUL MUKHLISIN,Tuahmadani
69731083,RA,JANNATUL `ILMI,Tuahmadani
69731057,RA,KHOIRU UMMAH,Payung Sekaki
69755678,RA,KURNIA,Tuahmadani
70010833,RA,KURNIA 1,Tuahmadani
69731066,RA,LA-TAHZAN,Senapelan
70014596,RA,MIFTAHUNNAJAH,Kulim
69753340,RA,MILATUL KHAIR,Payung Sekaki
70010874,RA,MUMTAZ,Marpoyan Damai
69731085,RA,MUNZHIROH,Tuahmadani
70026776,RA,MUNZHIROH 3,Tenayan Raya
69731086,RA,MUTIARA UMMI,Binawidya
69975681,RA,NURUL AMAL,Marpoyan Damai
69731062,RA,NURUL HIDAYAH,Rumbai Barat
69994285,RA,Nurul Jadid,Binawidya
70010839,RA,PUTRA ANUGRAH,Marpoyan Damai
69731088,RA,RA.RAIHANAH,Binawidya
69994282,RA,RAFARDHAN,Tenayan Raya
69975679,RA,RAUDHOH HASANAH,Tuahmadani
69994287,RA,RIDHO ILAHI,Tuahmadani
69731089,RA,RUMAH PENA PRIMA,Binawidya
69994290,RA,SABILUL JANNAH,Payung Sekaki
70010827,RA,TAHFIZH AT-TAQWA,Bukit Raya
69755679,RA,TEKNOLOGI PERMATA BUNDA,Tuahmadani
69731090,RA,TUNAS CENDIKIA MUSLIM,Tuahmadani
69731087,RA,TUNAS CENDIKIA MUSLIM (TASKIM) 2,Tuahmadani
69731060,RA,ULUL AZMI,Pekanbaru Kota
70027703,RA,UMMI NUR MUKHLIS,Payung Sekaki
70030218,RA,alfia kanza,Tenayan Raya
69862027,SPS,ANGGREK,Marpoyan Damai
69862038,SPS,AZ - ZAHRA,Sail
69897525,SPS,Amalliah,Bukit Raya
69957896,SPS,As-Syafi iyah,Limapuluh
69897528,SPS,Az-Zahra Marwa,Tenayan Raya
70061301,SPS,BANDAR KHAYANGAN,Rumbai Timur
69862036,SPS,BENING KIDS,Tenayan Raya
69862039,SPS,BUNGA KIAMBANG,Sail
70063985,SPS,CAHAYA MELEBUNG,Tenayan Raya
69862044,SPS,DAMBAAN BOENDA,Sukajadi
69862049,SPS,HARAPAN BANGSA,Rumbai
69862041,SPS,MAHKOTA DEWA,Sail
69862042,SPS,MEKAR JAYA,Pekanbaru Kota
69862037,SPS,MEKAR SERUNI,Tenayan Raya
69995620,SPS,MUNZHIROH 2,Sukajadi
69861904,SPS,MUTIARA BELIA,Bukit Raya
69950315,SPS,PERMATA,Rumbai Timur
69862029,SPS,PERMATA BUNDA,Tenayan Raya
69862024,SPS,PUCUK REBUNG,Marpoyan Damai
69862022,SPS,PUCUK REBUNG HARAPAN,Bukit Raya
69957895,SPS,Salamadani,Binawidya
69862048,SPS,TUNAS HARAPAN,Rumbai
69957897,SPS,Taruna Islam,Tenayan Raya
69897526,SPS,Uniq,Marpoyan Damai
70013265,TK,ABDUL MULUK,Tenayan Raya
69948110,TK,ABIDARI ISLAMIC CREATIVE SCHOOL,Bukit Raya
70047077,TK,ABIDARI ISLAMIC CREATIVE SCHOOL 2,Pekanbaru Kota
10496831,TK,ADHYAKSA XXVIII,Sukajadi
70064436,TK,ADZKIYA,Marpoyan Damai
69968181,TK,AGRECIA,Tuahmadani
69831682,TK,AISIYAH BUSTANUL,Sukajadi
10496778,TK,AISYIAH IX,Kulim
10496833,TK,AISYIYAH 3,Rumbai Timur
69831695,TK,AISYIYAH BUSTANUL VI,Rumbai
10496730,TK,AISYIYAH IV,Sail
69831645,TK,AISYIYAH VII,Payung Sekaki
10497441,TK,AISYIYAH VIII,Binawidya
69831687,TK,AISYIYAH XII,Rumbai
70008132,TK,AL - FATIHA,Tuahmadani
69967901,TK,AL - FAUZIAH,Rumbai Barat
69831692,TK,AL - MUNAWWARAH,Rumbai
10496688,TK,AL AMIN,Rumbai
60724758,TK,AL ASHRIYAH,Bukit Raya
10496920,TK,AL AZHAR SYIFA BUDI,Marpoyan Damai
10496768,TK,AL FAJAR,Binawidya
10496834,TK,AL FATTAH,Senapelan
10496835,TK,AL FITHRAH,Marpoyan Damai
10496691,TK,AL FITRAH,Rumbai
70040716,TK,AL HADI,Tuahmadani
10496939,TK,AL HIDAYAH,Payung Sekaki
69932485,TK,AL HUSNA PEKANBARU,Tuahmadani
69975558,TK,AL INSYIROH,Kulim
10497079,TK,AL JAMIK,Sukajadi
10496737,TK,AL KHAIRAT,Marpoyan Damai
10496696,TK,AL MANAR,Marpoyan Damai
10496837,TK,AL MASRURIYAH,Tuahmadani
70050566,TK,AL-HANAN,Bukit Raya
69921808,TK,AL-KHAIRAT MUNAWWARAH,Marpoyan Damai
69964729,TK,AL-KHAYRI KIDS,Senapelan
69831588,TK,AL-MUNAWAROH,Payung Sekaki
69919552,TK,AL-RASYID,Marpoyan Damai
69831479,TK,AL-ULUM ISLAMIC SCHOOL,Binawidya
69921855,TK,AL-YUSRO,Payung Sekaki
69985649,TK,ALIFA KIDS,Marpoyan Damai
69967515,TK,ALUMNA INDONESIA ISLAMIC SCHOOL,Sail
70038849,TK,ALUMNA ISLAMIC SCHOOL CAB. HARAPAN RAYA,Bukit Raya
69967519,TK,ALUMNA ISLAMIC SCHOOL SUKAJADI,Sukajadi
10496839,TK,AMAL IKHLAS,Bukit Raya
10496697,TK,AMAL IKHLAS,Rumbai Timur
69921845,TK,AMAL-IKLAS,Sukajadi
10496840,TK,AMALIA,Binawidya
69752271,TK,AMANAH,Binawidya
69921960,TK,AMIL HASANAH,Bukit Raya
70039158,TK,AN - NAFI,Binawidya
69831471,TK,AN NAMIROH 1,Tuahmadani
69937595,TK,AN NAMIROH 17,Tuahmadani
69831480,TK,AN NAMIROH 2,Binawidya
10496698,TK,AN NAMIROH 3,Tuahmadani
10496866,TK,AN NAMIROH 4,Bukit Raya
10496875,TK,AN NAMIROH 5,Marpoyan Damai
70032217,TK,AN NAMIROH 6,Kulim
10497268,TK,AN NAMIROH 7,Sukajadi
69831674,TK,ANANDA,Tenayan Raya
10496917,TK,ANGKASA,Marpoyan Damai
10496760,TK,ANUGRAH,Kulim
69948968,TK,APPLE TREE,Payung Sekaki
10496738,TK,AR RAHIM,Rumbai Timur
10496699,TK,ARAFAH,Rumbai
69831679,TK,ARAFAH - IPHI,Limapuluh
69919135,TK,ARSYAD ISLAMIC SCHOOL,Tenayan Raya
10496732,TK,ARTA MAIZAH HAQ,Kulim
10496689,TK,AS SALAM,Marpoyan Damai
10496701,TK,ASRI,Rumbai Timur
10496790,TK,ASYIYAH BUSTANUL ATHFAL V,Bukit Raya
10496702,TK,AT TAUBAH,Rumbai
10496703,TK,AT THOIBA,Kulim
10496704,TK,ATH THOYYIBAH,Rumbai
70056317,TK,AULIA CENDEKIA,Tuahmadani
10496792,TK,AVIA,Marpoyan Damai
70063390,TK,AYUDIRA AL-GHANIY,Tuahmadani
10496729,TK,AZ ZUHRA,Binawidya
70062446,TK,AZ ZUHRA TUAH MADANI,Tuahmadani
69923675,TK,AZ-ZUHRA SP. TIGA,Bukit Raya
10496843,TK,AZIZIYYAH,Tuahmadani
10496813,TK,BABUSSALAM,Tuahmadani
60724796,TK,BAITIL IZZAH,Tuahmadani
10496758,TK,BAITULLAH,Tenayan Raya
10496710,TK,BAITURRAHMAN,Rumbai
10497279,TK,BAITURRAHMAN,Payung Sekaki
69949864,TK,BAMBU KUNING,Tenayan Raya
69831667,TK,BAROKAH PEKANBARU,Kulim
70061421,TK,BE STAR SCHOOL,Binawidya
70042553,TK,BEI PLAYSCHOOL,Pekanbaru Kota
69925454,TK,BHAKTI I YBWI,Binawidya
10496845,TK,BHAKTI IBU,Marpoyan Damai
69831683,TK,BHAYANGKARI 02,Sukajadi
69986191,TK,BINA EDUKASI PEKANBARU,Tenayan Raya
70033723,TK,BINA KASIH IBU,Marpoyan Damai
70011782,TK,BINA MITRA WAHANA,Payung Sekaki
69918935,TK,BINTANG CENDEKIA II,Binawidya
69947497,TK,BINTANG CERIA,Marpoyan Damai
69975354,TK,BINTANG MULIA,Marpoyan Damai
69929507,TK,BIRUNI,Tenayan Raya
69913404,TK,BRILLIANT ISLAMIC SCHOOL,Binawidya
10496705,TK,BUDHI LUHUR,Rumbai
69831659,TK,BUNAYYA 2,Marpoyan Damai
69831672,TK,BUSTANUL ULUM,Tenayan Raya
70063986,TK,C9 SCHOOL,Binawidya
69987647,TK,CAHAYA BUNDA,Tenayan Raya
70030532,TK,CAHAYA RAZQA,Bukit Raya
69919556,TK,CEMARA INDAH II,Tuahmadani
10496806,TK,CEMPAKA,Senapelan
10496791,TK,CENDANA,Rumbai
10496877,TK,CERIWIS,Tenayan Raya
69983643,TK,DAMAI SEJAHTERA,Rumbai
10496706,TK,DANIEL HKBP,Rumbai
69983990,TK,DARA ANANDA,Tuahmadani
10496735,TK,DAREL HIKMAH,Binawidya
10496736,TK,DARMA YUDHA,Limapuluh
10496846,TK,DARUL HIKMAH,Pekanbaru Kota
69924211,TK,DARUL HIKMAH PAYUNG SEKAKI,Payung Sekaki
10496927,TK,DARUL HUDA,Payung Sekaki
10496734,TK,DARUL MAARIF,Limapuluh
69984518,TK,DARUSSALAM,Tuahmadani
69831673,TK,DAYANG SURI,Tenayan Raya
69923101,TK,DAYYINAH KIDS BUKIT RAYA,Bukit Raya
69831688,TK,DAYYINAH KIDS RUMBAI,Rumbai
10497037,TK,DHARMA BUNDA,Sail
69831648,TK,DHARMA LOKA 1,Payung Sekaki
10496794,TK,DIAN HARAPAN,Tenayan Raya
69831681,TK,DINIYAH,Sukajadi
70047154,TK,DOA BANGSA LANCANG KUNING,Bukit Raya
69977487,TK,DUTA RAUDHA CENTER RIAU,Rumbai Timur
69968877,TK,ECCLESIA,Marpoyan Damai
10497106,TK,EDUCATION 21 KULIM,Payung Sekaki
69831684,TK,EDUCATION 21 TERATAI,Sukajadi
69947650,TK,EL SHADDAI MULIA,Payung Sekaki
69933254,TK,ELSHADDAY KIDS,Payung Sekaki
70053964,TK,EMIRAT SCHOOL,Marpoyan Damai
69861841,TK,EXAUDI HKBP,Pekanbaru Kota
70011230,TK,FAJAR CERIA JAYA,Payung Sekaki
10497091,TK,FASTABIQUL KHAIRAT,Sukajadi
69831641,TK,FILIASOFIA,Payung Sekaki
69947046,TK,FIRST DINARA,Kulim
10496708,TK,FKIP UNRI,Binawidya
69920269,TK,FORTUNA CENDEKIA 2,Payung Sekaki
69907665,TK,FUTURE ISLAMIC SCHOOL,Payung Sekaki
70000422,TK,GENIUS AULAD,Marpoyan Damai
70051504,TK,GRACE SHELYNE KIDS,Marpoyan Damai
70025646,TK,GRACIOUS PRESCHOOL & KINDERGARTEN,Senapelan
70042554,TK,GREAT EDUCATION,Rumbai Barat
69956873,TK,GUANG MING 1,Binawidya
69956875,TK,GUANG MING 2,Limapuluh
10496762,TK,HARAPAN BANGSA MUHAJIRIN,Tuahmadani
10496767,TK,HARAPAN BUNDA,Tenayan Raya
69967506,TK,HARAPAN MULIA,Tenayan Raya
10496849,TK,HASANAH,Binawidya
69831649,TK,HIDAYATULLAH,Payung Sekaki
70040941,TK,HKBP EFRATA,Rumbai Barat
69921859,TK,HUMAIROH 2,Kulim
70012933,TK,HUMAIROH 4,Binawidya
70040485,TK,I.C.E ISLAMIC BILINGUAL SCHOOL,Pekanbaru Kota
10496795,TK,IBADAH,Marpoyan Damai
69919852,TK,IHSAN KIDS,Rumbai
10497003,TK,INDONESIAN CREATIVE SCHOOL,Marpoyan Damai
69925846,TK,INSAN UTAMA,Marpoyan Damai
69831657,TK,ISLAM AISYAH PEKANBARU,Marpoyan Damai
10496921,TK,ISLAM AKRAMUNNAS,Sail
69967889,TK,ISLAM AL FIKRIYAH,Kulim
10496878,TK,ISLAM AL FIRAH,Marpoyan Damai
10496836,TK,ISLAM AL KARIMAH,Tuahmadani
69990396,TK,ISLAM AL- AZHAR 54,Tuahmadani
69947717,TK,ISLAM AL-ARSYI,Bukit Raya
69831481,TK,ISLAM AL-MUJAHIDIN,Payung Sekaki
69921883,TK,ISLAM AMMARA,Marpoyan Damai
10496946,TK,ISLAM ANNUR,Pekanbaru Kota
69919033,TK,ISLAM ANNUR BASTARI,Binawidya
69937898,TK,ISLAM AR RAZAQQU,Payung Sekaki
70011779,TK,ISLAM AR-REHAN,Tuahmadani
10497530,TK,ISLAM AS SHOFA,Payung Sekaki
10496709,TK,ISLAM ASY SYAKIRIN,Marpoyan Damai
60724778,TK,ISLAM ASY SYAKIRIN,Payung Sekaki
10496775,TK,ISLAM ASY SYAMS,Limapuluh
10496814,TK,ISLAM BHAKTI II,Tenayan Raya
10496796,TK,ISLAM BINA INSAN KAMIL,Bukit Raya
10496743,TK,ISLAM BPMAA,Pekanbaru Kota
69831476,TK,ISLAM FATIMAH,Tuahmadani
69925449,TK,ISLAM INAYAH,Marpoyan Damai
69953449,TK,ISLAM LAWIYAH,Marpoyan Damai
10496744,TK,ISLAM NAHDHATUL ATHFAL,Tenayan Raya
10496712,TK,ISLAM NURIA,Marpoyan Damai
69919558,TK,ISLAM NURUSSALAM,Bukit Raya
10497121,TK,ISLAM PLUS AL MADINAH,Bukit Raya
10496879,TK,ISLAM SILATURRAHMI,Bukit Raya
69967723,TK,ISLAM TERPADU AL MAHIRA,Rumbai
69949702,TK,ISLAM TERPADU EL-AZZAM,Payung Sekaki
69990086,TK,ISLAM TERPADU RAUDHATUL JANNAH AL WASHLIYAH,Senapelan
10496745,TK,ISLAM YLPI MARPOYAN,Bukit Raya
10496713,TK,ISTIQAMAH,Marpoyan Damai
10496693,TK,IT AL - ITTIHAD,Rumbai
70005249,TK,IT AL FATIH KIDS,Payung Sekaki
69932446,TK,IT AL MUHSININ,Tuahmadani
69919853,TK,IT AL-FIKRI,Marpoyan Damai
10496714,TK,IT ANNISA,Marpoyan Damai
70010550,TK,IT AR ROYYAN KIDS,Tuahmadani
70062114,TK,IT ASFIYAH FARHANA,Tenayan Raya
69970432,TK,IT AT TAMAM 1,Tenayan Raya
70059764,TK,IT AT TAMAM 2,Kulim
70062319,TK,IT AT TAQI,Tuahmadani
69919848,TK,IT BUNAYYA,Bukit Raya
10496959,TK,IT CIKAL KHALIFAH,Tuahmadani
70039963,TK,IT CIKAL KHALIFAH 2,Sukajadi
70042746,TK,IT DARUL JANNAH,Binawidya
69922841,TK,IT FAUZIAH ANNISA,Binawidya
69831473,TK,IT INSAN MADANI,Tuahmadani
77905971,TK,IT MODEL MADANI AR RAHMAN,Sukajadi
70056653,TK,IT NURAINI,Rumbai Timur
70042307,TK,IT YANUR KIDS,Tenayan Raya
69947713,TK,IT-IMAM SYAFII 2 PEKANBARU,Marpoyan Damai
69978569,TK,JR EDUCATION,Payung Sekaki
69939649,TK,JULKHAIRUN,Kulim
10496746,TK,KALAM KUDUS,Limapuluh
10496807,TK,KARNIDA BAHAGIA,Marpoyan Damai
10496797,TK,KARTIKA I-21,Bukit Raya
10496798,TK,KARTIKA I-22,Bukit Raya
10496815,TK,KARTIKA I-4,Bukit Raya
10496747,TK,KARTIKA I-50,Sail
10496770,TK,KARTINI,Limapuluh
69932350,TK,KASIH CAHAYA BUNDA,Limapuluh
69831666,TK,KASTIRA,Kulim
69831675,TK,KEMALA BHAYANGKARI - 3,Limapuluh
10496749,TK,KEMALA BHAYANGKARI I,Pekanbaru Kota
70063851,TK,KHALID BIN WALID,Kulim
69919978,TK,KHALIFAH,Rumbai
10496799,TK,KUSUMA,Tenayan Raya
69969784,TK,LILIK,Bukit Raya
10496852,TK,LILLAH,Marpoyan Damai
70056562,TK,LILY JAYA,Payung Sekaki
69972859,TK,LITTLE STAR PRESCHOOL,Binawidya
69981365,TK,LUHURING BUDI,Rumbai
69957076,TK,MADANI CENDEKIA,Rumbai
70044449,TK,MAFAAZA ISLAMIC PRESCHOOL AND KINDERGARTEN,Tuahmadani
10497425,TK,MAQWA,Kulim
69831686,TK,MASJID RAYA,Senapelan
69919705,TK,MAYERD KIDS,Binawidya
10496773,TK,MELATI,Tenayan Raya
10496827,TK,MELAYU FATHRIZK KIDS,Tuahmadani
10496751,TK,MERANTI,Rumbai
69831642,TK,METHODIST,Payung Sekaki
10496715,TK,METTA MAITREYA,Marpoyan Damai
10496752,TK,MONTESSORI SCHOOL,Limapuluh
69989900,TK,MUBAROK KIDS,Marpoyan Damai
10497554,TK,MUFIDAH,Binawidya
70004512,TK,MUHAMMAD AL - FATIH,Tuahmadani
10496716,TK,MUJAHADAH,Marpoyan Damai
10496717,TK,MUSTIKA BUNDA,Marpoyan Damai
10496854,TK,MUTIARA,Marpoyan Damai
10496855,TK,MUTIARA AL MADANI,Tuahmadani
70008092,TK,MUTIARA INSHANI,Bukit Raya
70000903,TK,MUTIARA RATU,Rumbai
10496686,TK,N PEMBINA I,Sail
10496727,TK,N PEMBINA II,Tuahmadani
69947519,TK,NASYRAH RABBANI,Tenayan Raya
10496793,TK,NEGERI 4,Bukit Raya
69831694,TK,NEGERI 5,Rumbai Timur
10496750,TK,NEGERI 6,Binawidya
70013084,TK,NEGERI 7,Payung Sekaki
10496728,TK,NEGERI PEMBINA KEC. MARPOYAN DAMAI,Marpoyan Damai
10496850,TK,NUR ILAHI,Binawidya
70000902,TK,NUR KHAZANAH KIDS PEKANBARU,Kulim
69957155,TK,NURUL AULIA SYAM,Marpoyan Damai
70062445,TK,NURUL AZHAR LILI,Sukajadi
10496923,TK,NURUL HUDA,Bukit Raya
10496802,TK,NURUL IMAN,Bukit Raya
69919560,TK,NURUL IMAN,Tenayan Raya
10496880,TK,NURUL ISLAM,Bukit Raya
10496856,TK,NURUL JANNAH,Tuahmadani
70060186,TK,PATH SCHOOL,Bukit Raya
69991074,TK,PAUD-QURROTA AYUN,Tenayan Raya
69989313,TK,PELITA AGAPE,Limapuluh
70010548,TK,PELITA HARAPAN,Tenayan Raya
69831651,TK,PERDANA,Payung Sekaki
70038847,TK,PERMATA ATIKA PURI,Tenayan Raya
10496803,TK,PERTIWI KOTA,Limapuluh
69925836,TK,PERTIWI SENAPELAN,Senapelan
10496753,TK,PERTIWI SETDA PROPINSI,Pekanbaru Kota
70060465,TK,PRECIOUS SCHOOL MONTESSORI,Payung Sekaki
69925843,TK,PRIME MONTESSORI SCHOOL,Sukajadi
10497445,TK,PUTRA PERSADA,Kulim
69919854,TK,RAISA,Kulim
69907707,TK,RAISYAH,Bukit Raya
69919561,TK,RAMADHANI,Tuahmadani
69831482,TK,RAUDATUL ATFAL IHKLAS,Payung Sekaki
10496857,TK,RAUDHATUL AMILIN,Bukit Raya
10497108,TK,RAUDHATUR RAHMAH,Marpoyan Damai
10497086,TK,RIDHA,Sukajadi
10496722,TK,RIYADUL JANNAH,Rumbai
69919855,TK,SAMUEL,Limapuluh
69831643,TK,SANTA MARIA,Payung Sekaki
69831690,TK,SANTA VERONIKA,Rumbai
70007809,TK,SATU BANGSA PRESCHOOL,Bukit Raya
60724794,TK,SES,Payung Sekaki
69919035,TK,SHAFA AZZAHRA ZULVI,Tuahmadani
70031525,TK,SINROS DHARMA BAKTI,Payung Sekaki
69983672,TK,SION,Rumbai
60724776,TK,STANLEY,Sukajadi
70054339,TK,SUN GLOBAL SCHOOL,Payung Sekaki
10496725,TK,SYAFANUR,Binawidya
10496943,TK,SYAFANUR 2,Payung Sekaki
69987953,TK,SYAFANUR 3,Binawidya
69919043,TK,SYUHADA,Tenayan Raya
69967518,TK,TAHFIDZ AL - FATIH,Marpoyan Damai
70044701,TK,TAHFIDZ AL-AQILAH,Tuahmadani
70057435,TK,TAHFIZH AL HUSNA PEKANBARU,Limapuluh
70032232,TK,TAHFIZH AR ROYYAN,Bukit Raya
69991450,TK,TAHFIZH F3,Tenayan Raya
10497087,TK,TARABIYAH ISLAMIYAH,Sukajadi
69964873,TK,TAULADAN SYAFITRI,Marpoyan Damai
70015721,TK,TEKNOLOGI PEKANBARU,Tuahmadani
10496724,TK,TELKOM PEKANBARU,Marpoyan Damai
69980908,TK,THE PLAYSKOOL,Marpoyan Damai
10496930,TK,TIARA KIDS ISLAMIC,Tuahmadani
69831670,TK,TITANIA KIDS,Tenayan Raya
10496726,TK,TRI INSANI PERMATA,Tuahmadani
69861843,TK,TRILALA,Rumbai
69831678,TK,TUNAS BANGSA,Limapuluh
10496755,TK,TUNAS HARAPAN,Marpoyan Damai
70038541,TK,TUNAS KHALIFAH,Tuahmadani
69979506,TK,UMARA KIDS,Tuahmadani
70039961,TK,UNILAK GOLDEN SCHOOL,Rumbai
70049693,TK,VICTORY SCHOOL,Payung Sekaki
10496858,TK,WALDHA AL ISLAMY (WHY),Tuahmadani
69831677,TK,WITAMA NASIONAL PLUS,Limapuluh
69957154,TK,WITAMA NASIONAL PLUS SRIKANDI,Binawidya
70002015,TK,YAPENDIK SHALOM,Pekanbaru Kota
10496757,TK,YKWI I KOTA,Pekanbaru Kota
10496805,TK,YMGM,Pekanbaru Kota
10496774,TK,ZAMRAD,Tenayan Raya
69831671,TK,ZAMRAD 2,Tenayan Raya
69980632,TK,ZULAIKHA KASIH BUNDA,Tenayan Raya
69970034,TPA,ABIDARI ISLAMIC CREATIVE SCHOOL,Bukit Raya
70047146,TPA,ABIDARI ISLAMIC CREATIVE SCHOOL 2,Pekanbaru Kota
70051617,TPA,ADZKIYA,Marpoyan Damai
69974596,TPA,AL FAIQ,Binawidya
70008394,TPA,AL FATIHA,Binawidya
69919562,TPA,AL-ITTIHAD,Rumbai
69967996,TPA,ALFA KIDS,Binawidya
70032185,TPA,ALUMNA INDONESIA ISLAMIC SCHOOL,Sail
70040167,TPA,ANUGERAH BUNDA,Tuahmadani
69984561,TPA,BABY SCHOOL & PRE SCHOOL QURROTA A YUN,Sukajadi
70061307,TPA,BE STAR SCHOOL,Binawidya
70044580,TPA,BEI PLAYSCHOOL,Pekanbaru Kota
69862003,TPA,BINA KARYA ABADI,Binawidya
69971838,TPA,BIRUNI,Tenayan Raya
69920460,TPA,CEMARA RIDASA,Binawidya
70044015,TPA,CERLIANA,Bukit Raya
69977481,TPA,DUTA RAUDHA CENTER RIAU,Rumbai Timur
69986189,TPA,FUTURE ISLAMIC SCHOOL,Payung Sekaki
69968083,TPA,HAPPY STAR KIDS,Binawidya
70012935,TPA,HUMAIROH 4,Binawidya
70040551,TPA,I.C.E ISLAMIC BILINGUAL SCHOOL,Pekanbaru Kota
69862002,TPA,IHSAN FIKRI,Tuahmadani
69918934,TPA,IT BUNAYYA,Bukit Raya
70057226,TPA,KANAKA,Sail
69862001,TPA,KIDS CENTRE AL FITYAH,Tuahmadani
69862006,TPA,LILIK,Bukit Raya
69957078,TPA,MADANI CENDEKIA,Rumbai
70044448,TPA,MAFAAZA ISLAMIC PRESCHOOL AND KINDERGARTEN,Tuahmadani
69862016,TPA,MUTIARA BUNDA,Pekanbaru Kota
69919710,TPA,NURJANNAH,Tenayan Raya
69984351,TPA,PERSISTRI,Binawidya
69862000,TPA,QUANTUM KIDS 3,Tuahmadani
69990159,TPA,RAUDHATUL JANNAH AL WASHLIYAH,Senapelan
69862004,TPA,SANTA MARIA,Payung Sekaki
70033785,TPA,SATU BANGSA PRESCHOOL,Bukit Raya
70047831,TPA,SHAFIYYAH,Tuahmadani
70054338,TPA,SUN GLOBAL SCHOOL,Payung Sekaki
69972916,TPA,SYAFANUR,Payung Sekaki
69979816,TPA,SYAFANUR 3,Binawidya
70058159,TPA,TAHFIZH ALFARABI KIDS CENTER,Tuahmadani
69967864,TPA,TRI INSANI PERMATA,Binawidya
70038542,TPA,TUNAS KHALIFAH,Tuahmadani
69862011,TPA,Tauladan Syafitri,Marpoyan Damai
69973350,TPA,UMMI AS - SHIFA,Marpoyan Damai
70039958,TPA,UNILAK GOLDEN SCHOOL,Rumbai
